{
  "scenario": "go_depth25_err100",
  "battery": 2,
  "lang": "go",
  "depth": 25,
  "error_rate": 100,
  "vus": 50,
  "p50_ms": 1.9515,
  "p99_ms": 5.257795999999996,
  "avg_ms": 2.0863260810390227,
  "p90_ms": 3.0334,
  "min_ms": 0,
  "max_ms": 32.6926,
  "rps": 22997.00642742474,
  "total_reqs": 1379853,
  "paradigm": "value",
  "cpu_avg_pct": 80.46,
  "cpu_max_pct": 94.76,
  "ram_avg_mb": 9.0,
  "ram_max_mb": 11.34
}