{
  "scenario": "go_depth1_err100",
  "battery": 3,
  "lang": "go",
  "depth": 1,
  "error_rate": 100,
  "vus": 50,
  "p50_ms": 2.1819,
  "p99_ms": 6.3756,
  "avg_ms": 2.4080383293271135,
  "p90_ms": 3.6458,
  "min_ms": 0,
  "max_ms": 40.8165,
  "rps": 19914.253366636774,
  "total_reqs": 1194884,
  "paradigm": "value",
  "cpu_avg_pct": 84.79,
  "cpu_max_pct": 94.89,
  "ram_avg_mb": 9.3,
  "ram_max_mb": 10.18
}