{
  "scenario": "go_depth1_err5",
  "battery": 2,
  "lang": "go",
  "depth": 1,
  "error_rate": 5,
  "vus": 50,
  "p50_ms": 2.0883,
  "p99_ms": 5.8216,
  "avg_ms": 2.2675624750697994,
  "p90_ms": 3.347,
  "min_ms": 0,
  "max_ms": 46.4492,
  "rps": 21174.971759024076,
  "total_reqs": 1270550,
  "paradigm": "value",
  "cpu_avg_pct": 81.94,
  "cpu_max_pct": 93.51,
  "ram_avg_mb": 9.45,
  "ram_max_mb": 10.45
}