{
  "scenario": "go_depth1_err5",
  "battery": 1,
  "lang": "go",
  "depth": 1,
  "error_rate": 5,
  "vus": 50,
  "p50_ms": 2.1682,
  "p99_ms": 6.2251,
  "avg_ms": 2.3839804771107667,
  "p90_ms": 3.6278,
  "min_ms": 0,
  "max_ms": 31.2782,
  "rps": 20187.67874230317,
  "total_reqs": 1211291,
  "paradigm": "value",
  "cpu_avg_pct": 84.47,
  "cpu_max_pct": 97.11,
  "ram_avg_mb": 9.12,
  "ram_max_mb": 10.78
}