{
  "scenario": "go_depth50_err0",
  "battery": 2,
  "lang": "go",
  "depth": 50,
  "error_rate": 0,
  "vus": 50,
  "p50_ms": 1.9477,
  "p99_ms": 5.1582,
  "avg_ms": 2.0769832817868257,
  "p90_ms": 3.0119,
  "min_ms": 0,
  "max_ms": 32.2042,
  "rps": 23133.979284731045,
  "total_reqs": 1388073,
  "paradigm": "value",
  "cpu_avg_pct": 81.1,
  "cpu_max_pct": 94.27,
  "ram_avg_mb": 9.11,
  "ram_max_mb": 11.58
}