{
  "scenario": "go_depth25_err100",
  "battery": 1,
  "lang": "go",
  "depth": 25,
  "error_rate": 100,
  "vus": 50,
  "p50_ms": 1.9609,
  "p99_ms": 5.3299,
  "avg_ms": 2.097353915619008,
  "p90_ms": 3.04,
  "min_ms": 0,
  "max_ms": 50.2125,
  "rps": 22851.270184184268,
  "total_reqs": 1371137,
  "paradigm": "value",
  "cpu_avg_pct": 80.39,
  "cpu_max_pct": 96.68,
  "ram_avg_mb": 9.03,
  "ram_max_mb": 10.79
}