{
  "scenario": "go_depth50_err100",
  "battery": 3,
  "lang": "go",
  "depth": 50,
  "error_rate": 100,
  "vus": 50,
  "p50_ms": 1.956,
  "p99_ms": 5.219154000000004,
  "avg_ms": 2.087053853112779,
  "p90_ms": 3.0357,
  "min_ms": 0,
  "max_ms": 39.8293,
  "rps": 22991.86520190859,
  "total_reqs": 1379547,
  "paradigm": "value",
  "cpu_avg_pct": 81.82,
  "cpu_max_pct": 96.32,
  "ram_avg_mb": 8.75,
  "ram_max_mb": 10.88
}