{
  "scenario": "go_depth50_err100",
  "battery": 1,
  "lang": "go",
  "depth": 50,
  "error_rate": 100,
  "vus": 50,
  "p50_ms": 1.9632,
  "p99_ms": 5.2686,
  "avg_ms": 2.0968340548625037,
  "p90_ms": 3.0441,
  "min_ms": 0,
  "max_ms": 30.7794,
  "rps": 22876.068730903957,
  "total_reqs": 1372594,
  "paradigm": "value",
  "cpu_avg_pct": 80.72,
  "cpu_max_pct": 95.58,
  "ram_avg_mb": 9.02,
  "ram_max_mb": 11.3
}