{
  "scenario": "go_depth50_err0",
  "battery": 1,
  "lang": "go",
  "depth": 50,
  "error_rate": 0,
  "vus": 50,
  "p50_ms": 1.978,
  "p99_ms": 5.3112,
  "avg_ms": 2.114034484691429,
  "p90_ms": 3.0639,
  "min_ms": 0,
  "max_ms": 28.6336,
  "rps": 22691.2514948599,
  "total_reqs": 1361523,
  "paradigm": "value",
  "cpu_avg_pct": 79.62,
  "cpu_max_pct": 96.58,
  "ram_avg_mb": 8.94,
  "ram_max_mb": 11.33
}