{
  "scenario": "go_depth50_err5",
  "battery": 3,
  "lang": "go",
  "depth": 50,
  "error_rate": 5,
  "vus": 50,
  "p50_ms": 1.9563,
  "p99_ms": 5.057625,
  "avg_ms": 2.0774042769458787,
  "p90_ms": 2.971,
  "min_ms": 0,
  "max_ms": 28.4209,
  "rps": 23102.46985928384,
  "total_reqs": 1386176,
  "paradigm": "value",
  "cpu_avg_pct": 76.93,
  "cpu_max_pct": 93.7,
  "ram_avg_mb": 8.97,
  "ram_max_mb": 11.06
}