{
  "scenario": "go_depth1_err50",
  "battery": 2,
  "lang": "go",
  "depth": 1,
  "error_rate": 50,
  "vus": 50,
  "p50_ms": 2.1133,
  "p99_ms": 5.8176,
  "avg_ms": 2.2903956572675437,
  "p90_ms": 3.3923,
  "min_ms": 0,
  "max_ms": 46.4119,
  "rps": 20968.46244737733,
  "total_reqs": 1258148,
  "paradigm": "value",
  "cpu_avg_pct": 81.88,
  "cpu_max_pct": 95.67,
  "ram_avg_mb": 9.64,
  "ram_max_mb": 10.57
}