{
  "scenario": "go_depth25_err5",
  "battery": 1,
  "lang": "go",
  "depth": 25,
  "error_rate": 5,
  "vus": 50,
  "p50_ms": 1.9616,
  "p99_ms": 5.322,
  "avg_ms": 2.1001297570289896,
  "p90_ms": 3.0647,
  "min_ms": 0,
  "max_ms": 34.7508,
  "rps": 22844.42860422494,
  "total_reqs": 1370698,
  "paradigm": "value",
  "cpu_avg_pct": 80.54,
  "cpu_max_pct": 92.27,
  "ram_avg_mb": 9.2,
  "ram_max_mb": 11.09
}