{
  "scenario": "go_depth1_err0",
  "battery": 3,
  "lang": "go",
  "depth": 1,
  "error_rate": 0,
  "vus": 50,
  "p50_ms": 2.131,
  "p99_ms": 6.0143,
  "avg_ms": 2.328786449416908,
  "p90_ms": 3.4934,
  "min_ms": 0,
  "max_ms": 44.8968,
  "rps": 20601.21449378298,
  "total_reqs": 1236087,
  "paradigm": "value",
  "cpu_avg_pct": 81.19,
  "cpu_max_pct": 95.07,
  "ram_avg_mb": 8.47,
  "ram_max_mb": 10.32
}