{
  "scenario": "go_depth50_err5",
  "battery": 2,
  "lang": "go",
  "depth": 50,
  "error_rate": 5,
  "vus": 50,
  "p50_ms": 1.9536,
  "p99_ms": 5.153531000000005,
  "avg_ms": 2.0818774514932863,
  "p90_ms": 3.0173,
  "min_ms": 0,
  "max_ms": 35.6113,
  "rps": 23057.53956765145,
  "total_reqs": 1383524,
  "paradigm": "value",
  "cpu_avg_pct": 80.87,
  "cpu_max_pct": 95.61,
  "ram_avg_mb": 8.83,
  "ram_max_mb": 10.64
}