{
  "scenario": "go_depth1_err50",
  "battery": 1,
  "lang": "go",
  "depth": 1,
  "error_rate": 50,
  "vus": 50,
  "p50_ms": 2.1243,
  "p99_ms": 6.1368,
  "avg_ms": 2.3207104422724014,
  "p90_ms": 3.4548,
  "min_ms": 0,
  "max_ms": 77.5814,
  "rps": 20670.896692067374,
  "total_reqs": 1240276,
  "paradigm": "value",
  "cpu_avg_pct": 81.64,
  "cpu_max_pct": 94.87,
  "ram_avg_mb": 9.65,
  "ram_max_mb": 10.81
}