{
  "scenario": "go_depth25_err100",
  "battery": 3,
  "lang": "go",
  "depth": 25,
  "error_rate": 100,
  "vus": 50,
  "p50_ms": 1.9652,
  "p99_ms": 5.3111,
  "avg_ms": 2.099498626105904,
  "p90_ms": 3.0649,
  "min_ms": 0,
  "max_ms": 38.0184,
  "rps": 22876.05093137466,
  "total_reqs": 1372595,
  "paradigm": "value",
  "cpu_avg_pct": 80.46,
  "cpu_max_pct": 94.62,
  "ram_avg_mb": 9.07,
  "ram_max_mb": 11.36
}