{
  "scenario": "go_depth50_err100",
  "battery": 2,
  "lang": "go",
  "depth": 50,
  "error_rate": 100,
  "vus": 50,
  "p50_ms": 1.9711,
  "p99_ms": 5.1951,
  "avg_ms": 2.099014473524239,
  "p90_ms": 3.0518,
  "min_ms": 0,
  "max_ms": 35.5613,
  "rps": 22868.126817584664,
  "total_reqs": 1372133,
  "paradigm": "value",
  "cpu_avg_pct": 80.4,
  "cpu_max_pct": 93.47,
  "ram_avg_mb": 8.97,
  "ram_max_mb": 11.45
}