{
  "scenario": "java_depth50_err50",
  "battery": 2,
  "lang": "java",
  "depth": 50,
  "error_rate": 50,
  "vus": 50,
  "p50_ms": 12.32425,
  "p99_ms": 62.623922,
  "avg_ms": 16.157260840846792,
  "p90_ms": 38.60233000000001,
  "min_ms": 0,
  "max_ms": 110.7677,
  "rps": 2916.3857439804783,
  "total_reqs": 175014,
  "paradigm": "exception",
  "cpu_avg_pct": 95.26,
  "cpu_max_pct": 103.21,
  "ram_avg_mb": 215.88,
  "ram_max_mb": 216.5
}