{
  "scenario": "java_depth25_err50",
  "battery": 1,
  "lang": "java",
  "depth": 25,
  "error_rate": 50,
  "vus": 50,
  "p50_ms": 12.3456,
  "p99_ms": 63.582208000000016,
  "avg_ms": 17.029502023655354,
  "p90_ms": 44.162980000000026,
  "min_ms": 0,
  "max_ms": 116.2693,
  "rps": 2768.4960398350145,
  "total_reqs": 166135,
  "paradigm": "exception",
  "cpu_avg_pct": 98.07,
  "cpu_max_pct": 102.09,
  "ram_avg_mb": 213.84,
  "ram_max_mb": 214.4
}