{
  "scenario": "java_depth25_err5",
  "battery": 2,
  "lang": "java",
  "depth": 25,
  "error_rate": 5,
  "vus": 50,
  "p50_ms": 5.2469,
  "p99_ms": 67.7505,
  "avg_ms": 11.986559612641763,
  "p90_ms": 50.69276000000001,
  "min_ms": 0,
  "max_ms": 106.5902,
  "rps": 4054.589488017653,
  "total_reqs": 243289,
  "paradigm": "exception",
  "cpu_avg_pct": 100.6,
  "cpu_max_pct": 105.88,
  "ram_avg_mb": 213.8,
  "ram_max_mb": 214.2
}