{
  "scenario": "java_depth50_err100",
  "battery": 2,
  "lang": "java",
  "depth": 50,
  "error_rate": 100,
  "vus": 50,
  "p50_ms": 20.8273,
  "p99_ms": 42.46710999999994,
  "avg_ms": 21.59290791197843,
  "p90_ms": 28.2253,
  "min_ms": 0.9574,
  "max_ms": 191.6135,
  "rps": 2176.9866592891176,
  "total_reqs": 130650,
  "paradigm": "exception",
  "cpu_avg_pct": 83.46,
  "cpu_max_pct": 102.41,
  "ram_avg_mb": 215.2,
  "ram_max_mb": 215.7
}