{
  "scenario": "java_depth1_err5",
  "battery": 1,
  "lang": "java",
  "depth": 1,
  "error_rate": 5,
  "vus": 50,
  "p50_ms": 4.9238,
  "p99_ms": 68.9427,
  "avg_ms": 11.530397439184846,
  "p90_ms": 49.791,
  "min_ms": 0,
  "max_ms": 110.2049,
  "rps": 4222.430558239136,
  "total_reqs": 253552,
  "paradigm": "exception",
  "cpu_avg_pct": 97.22,
  "cpu_max_pct": 109.86,
  "ram_avg_mb": 213.03,
  "ram_max_mb": 213.7
}