{
  "scenario": "nodejs_depth50_err50",
  "battery": 1,
  "lang": "nodejs",
  "depth": 50,
  "error_rate": 50,
  "vus": 50,
  "p50_ms": 9.3555,
  "p99_ms": 32.049,
  "avg_ms": 11.190404919679468,
  "p90_ms": 18.17891,
  "min_ms": 0.6299,
  "max_ms": 303.9587,
  "rps": 4428.737712300104,
  "total_reqs": 265810,
  "paradigm": "exception",
  "cpu_avg_pct": 97.37,
  "cpu_max_pct": 102.69,
  "ram_avg_mb": 29.98,
  "ram_max_mb": 30.86
}