{
  "scenario": "nodejs_depth25_err5",
  "battery": 1,
  "lang": "nodejs",
  "depth": 25,
  "error_rate": 5,
  "vus": 50,
  "p50_ms": 8.599450000000001,
  "p99_ms": 27.675865000000094,
  "avg_ms": 10.070090673901719,
  "p90_ms": 16.119149999999998,
  "min_ms": 1.6273,
  "max_ms": 281.6517,
  "rps": 4919.6990801059555,
  "total_reqs": 295236,
  "paradigm": "exception",
  "cpu_avg_pct": 97.68,
  "cpu_max_pct": 102.71,
  "ram_avg_mb": 29.81,
  "ram_max_mb": 30.34
}