{
  "scenario": "nodejs_depth25_err50",
  "battery": 2,
  "lang": "nodejs",
  "depth": 25,
  "error_rate": 50,
  "vus": 50,
  "p50_ms": 8.9824,
  "p99_ms": 29.8965,
  "avg_ms": 10.535913096381515,
  "p90_ms": 17.0139,
  "min_ms": 1.1477,
  "max_ms": 353.3107,
  "rps": 4703.151026531291,
  "total_reqs": 282223,
  "paradigm": "exception",
  "cpu_avg_pct": 97.63,
  "cpu_max_pct": 102.47,
  "ram_avg_mb": 29.8,
  "ram_max_mb": 31.09
}