{
  "scenario": "nodejs_depth25_err100",
  "battery": 1,
  "lang": "nodejs",
  "depth": 25,
  "error_rate": 100,
  "vus": 50,
  "p50_ms": 9.7419,
  "p99_ms": 31.1816,
  "avg_ms": 11.409458629006698,
  "p90_ms": 18.251720000000006,
  "min_ms": 1.2242,
  "max_ms": 257.0252,
  "rps": 4345.586237753055,
  "total_reqs": 260789,
  "paradigm": "exception",
  "cpu_avg_pct": 97.58,
  "cpu_max_pct": 102.64,
  "ram_avg_mb": 29.81,
  "ram_max_mb": 30.5
}