{
  "scenario": "nodejs_depth50_err50",
  "battery": 2,
  "lang": "nodejs",
  "depth": 50,
  "error_rate": 50,
  "vus": 50,
  "p50_ms": 9.3481,
  "p99_ms": 31.411620000000006,
  "avg_ms": 11.042731234288578,
  "p90_ms": 17.897420000000007,
  "min_ms": 1.6255,
  "max_ms": 233.5185,
  "rps": 4487.808262530049,
  "total_reqs": 269313,
  "paradigm": "exception",
  "cpu_avg_pct": 97.45,
  "cpu_max_pct": 102.64,
  "ram_avg_mb": 29.92,
  "ram_max_mb": 31.32
}