{
  "scenario": "nodejs_depth1_err50",
  "battery": 1,
  "lang": "nodejs",
  "depth": 1,
  "error_rate": 50,
  "vus": 50,
  "p50_ms": 7.7493,
  "p99_ms": 24.982591999999993,
  "avg_ms": 9.180989467996264,
  "p90_ms": 14.4969,
  "min_ms": 0.5554,
  "max_ms": 173.2877,
  "rps": 5397.1172887874345,
  "total_reqs": 323870,
  "paradigm": "exception",
  "cpu_avg_pct": 98.48,
  "cpu_max_pct": 102.41,
  "ram_avg_mb": 29.93,
  "ram_max_mb": 30.71
}