{
  "scenario": "rust_depth1_err50",
  "battery": 2,
  "lang": "rust",
  "depth": 1,
  "error_rate": 50,
  "vus": 50,
  "p50_ms": 2.0961,
  "p99_ms": 5.28376399999999,
  "avg_ms": 2.183125535229346,
  "p90_ms": 3.1735,
  "min_ms": 0,
  "max_ms": 46.8208,
  "rps": 22048.222629135464,
  "total_reqs": 1322937,
  "paradigm": "value",
  "cpu_avg_pct": 71.33,
  "cpu_max_pct": 84.53,
  "ram_avg_mb": 3.42,
  "ram_max_mb": 4.05
}