{
  "scenario": "rust_depth25_err5",
  "battery": 2,
  "lang": "rust",
  "depth": 25,
  "error_rate": 5,
  "vus": 50,
  "p50_ms": 1.9993,
  "p99_ms": 4.745608000000008,
  "avg_ms": 2.0942468668247605,
  "p90_ms": 2.9587,
  "min_ms": 0,
  "max_ms": 40.889,
  "rps": 22940.58554725161,
  "total_reqs": 1376447,
  "paradigm": "value",
  "cpu_avg_pct": 57.42,
  "cpu_max_pct": 77.97,
  "ram_avg_mb": 3.26,
  "ram_max_mb": 4.59
}