{
  "scenario": "rust_depth50_err50",
  "battery": 1,
  "lang": "rust",
  "depth": 50,
  "error_rate": 50,
  "vus": 50,
  "p50_ms": 2.0095,
  "p99_ms": 4.7933,
  "avg_ms": 2.105878451017268,
  "p90_ms": 2.9839,
  "min_ms": 0,
  "max_ms": 31.0653,
  "rps": 22791.217680190573,
  "total_reqs": 1367517,
  "paradigm": "value",
  "cpu_avg_pct": 57.89,
  "cpu_max_pct": 77.27,
  "ram_avg_mb": 3.23,
  "ram_max_mb": 4.54
}