{
  "scenario": "rust_depth50_err5",
  "battery": 1,
  "lang": "rust",
  "depth": 50,
  "error_rate": 5,
  "vus": 50,
  "p50_ms": 1.9977,
  "p99_ms": 4.7493,
  "avg_ms": 2.098379161797663,
  "p90_ms": 2.9747,
  "min_ms": 0,
  "max_ms": 38.2332,
  "rps": 22889.93819421212,
  "total_reqs": 1373511,
  "paradigm": "value",
  "cpu_avg_pct": 57.74,
  "cpu_max_pct": 79.41,
  "ram_avg_mb": 3.21,
  "ram_max_mb": 4.23
}