{
  "scenario": "rust_depth50_err0",
  "battery": 3,
  "lang": "rust",
  "depth": 50,
  "error_rate": 0,
  "vus": 50,
  "p50_ms": 2.003,
  "p99_ms": 4.73553600000001,
  "avg_ms": 2.0989780872401718,
  "p90_ms": 2.9688,
  "min_ms": 0,
  "max_ms": 37.5912,
  "rps": 22892.425423561537,
  "total_reqs": 1373565,
  "paradigm": "value",
  "cpu_avg_pct": 56.95,
  "cpu_max_pct": 77.49,
  "ram_avg_mb": 3.04,
  "ram_max_mb": 5.03
}