{
  "scenario": "rust_depth25_err5",
  "battery": 3,
  "lang": "rust",
  "depth": 25,
  "error_rate": 5,
  "vus": 50,
  "p50_ms": 1.9997,
  "p99_ms": 4.678,
  "avg_ms": 2.0894541711842023,
  "p90_ms": 2.9478,
  "min_ms": 0,
  "max_ms": 33.4778,
  "rps": 22980.62570442776,
  "total_reqs": 1378877,
  "paradigm": "value",
  "cpu_avg_pct": 57.64,
  "cpu_max_pct": 80.14,
  "ram_avg_mb": 3.07,
  "ram_max_mb": 4.49
}