{
  "scenario": "rust_depth1_err50",
  "battery": 1,
  "lang": "rust",
  "depth": 1,
  "error_rate": 50,
  "vus": 50,
  "p50_ms": 2.0005,
  "p99_ms": 4.8308,
  "avg_ms": 2.0995547147472333,
  "p90_ms": 2.9701,
  "min_ms": 0,
  "max_ms": 35.1914,
  "rps": 22861.295030324294,
  "total_reqs": 1371696,
  "paradigm": "value",
  "cpu_avg_pct": 58.24,
  "cpu_max_pct": 79.44,
  "ram_avg_mb": 3.18,
  "ram_max_mb": 4.61
}