{
  "scenario": "rust_depth1_err100",
  "battery": 2,
  "lang": "rust",
  "depth": 1,
  "error_rate": 100,
  "vus": 50,
  "p50_ms": 2.0123,
  "p99_ms": 4.829,
  "avg_ms": 2.109326204901853,
  "p90_ms": 3.0062,
  "min_ms": 0,
  "max_ms": 31.7307,
  "rps": 22781.901844434942,
  "total_reqs": 1366958,
  "paradigm": "value",
  "cpu_avg_pct": 66.24,
  "cpu_max_pct": 87.28,
  "ram_avg_mb": 3.33,
  "ram_max_mb": 4.99
}