{
  "scenario": "rust_depth1_err0",
  "battery": 1,
  "lang": "rust",
  "depth": 1,
  "error_rate": 0,
  "vus": 50,
  "p50_ms": 2.0196,
  "p99_ms": 4.7648,
  "avg_ms": 2.1145908585641284,
  "p90_ms": 2.9937,
  "min_ms": 0,
  "max_ms": 41.6689,
  "rps": 22720.608472616255,
  "total_reqs": 1363265,
  "paradigm": "value",
  "cpu_avg_pct": 57.52,
  "cpu_max_pct": 79.93,
  "ram_avg_mb": 3.3,
  "ram_max_mb": 4.48
}