{
  "scenario": "rust_depth25_err50",
  "battery": 1,
  "lang": "rust",
  "depth": 25,
  "error_rate": 50,
  "vus": 50,
  "p50_ms": 2.0072,
  "p99_ms": 4.695,
  "avg_ms": 2.099463199277657,
  "p90_ms": 2.9609,
  "min_ms": 0,
  "max_ms": 42.5041,
  "rps": 22847.71511065853,
  "total_reqs": 1370897,
  "paradigm": "value",
  "cpu_avg_pct": 58.13,
  "cpu_max_pct": 78.99,
  "ram_avg_mb": 2.95,
  "ram_max_mb": 4.07
}