{
  "scenario": "rust_depth1_err0",
  "battery": 3,
  "lang": "rust",
  "depth": 1,
  "error_rate": 0,
  "vus": 50,
  "p50_ms": 1.9928,
  "p99_ms": 4.6601,
  "avg_ms": 2.0842447401048245,
  "p90_ms": 2.9323,
  "min_ms": 0,
  "max_ms": 37.9803,
  "rps": 23012.496922730934,
  "total_reqs": 1380788,
  "paradigm": "value",
  "cpu_avg_pct": 57.71,
  "cpu_max_pct": 78.77,
  "ram_avg_mb": 3.11,
  "ram_max_mb": 4.88
}