{
  "scenario": "rust_depth25_err0",
  "battery": 3,
  "lang": "rust",
  "depth": 25,
  "error_rate": 0,
  "vus": 50,
  "p50_ms": 2.0012,
  "p99_ms": 4.722102000000025,
  "avg_ms": 2.0983006607108603,
  "p90_ms": 2.9629,
  "min_ms": 0,
  "max_ms": 48.1373,
  "rps": 22883.916766599476,
  "total_reqs": 1373067,
  "paradigm": "value",
  "cpu_avg_pct": 56.94,
  "cpu_max_pct": 76.23,
  "ram_avg_mb": 3.13,
  "ram_max_mb": 4.86
}