{
  "scenario": "rust_depth25_err100",
  "battery": 2,
  "lang": "rust",
  "depth": 25,
  "error_rate": 100,
  "vus": 50,
  "p50_ms": 2.009,
  "p99_ms": 4.7699,
  "avg_ms": 2.104826405024144,
  "p90_ms": 2.9687,
  "min_ms": 0,
  "max_ms": 41.5732,
  "rps": 22792.459397019324,
  "total_reqs": 1367592,
  "paradigm": "value",
  "cpu_avg_pct": 58.33,
  "cpu_max_pct": 80.45,
  "ram_avg_mb": 2.85,
  "ram_max_mb": 3.61
}