{
  "scenario": "rust_depth1_err100",
  "battery": 3,
  "lang": "rust",
  "depth": 1,
  "error_rate": 100,
  "vus": 50,
  "p50_ms": 1.8934,
  "p99_ms": 4.7401,
  "avg_ms": 2.0285045851260777,
  "p90_ms": 2.8438,
  "min_ms": 0,
  "max_ms": 24.7591,
  "rps": 23778.185004143117,
  "total_reqs": 1426722,
  "paradigm": "value",
  "cpu_avg_pct": 79.75,
  "cpu_max_pct": 87.53,
  "ram_avg_mb": 3.59,
  "ram_max_mb": 4.62
}