{
  "scenario": "rust_depth25_err100",
  "battery": 3,
  "lang": "rust",
  "depth": 25,
  "error_rate": 100,
  "vus": 50,
  "p50_ms": 2.0013,
  "p99_ms": 4.7373,
  "avg_ms": 2.095240898197645,
  "p90_ms": 2.955,
  "min_ms": 0,
  "max_ms": 35.0142,
  "rps": 22907.893549349887,
  "total_reqs": 1374508,
  "paradigm": "value",
  "cpu_avg_pct": 58.1,
  "cpu_max_pct": 81.15,
  "ram_avg_mb": 3.13,
  "ram_max_mb": 4.7
}