{
  "scenario": "rust_depth50_err50",
  "battery": 2,
  "lang": "rust",
  "depth": 50,
  "error_rate": 50,
  "vus": 50,
  "p50_ms": 1.9927,
  "p99_ms": 4.753034999999986,
  "avg_ms": 2.0902390755263016,
  "p90_ms": 2.9508,
  "min_ms": 0,
  "max_ms": 36.7355,
  "rps": 22970.353382157347,
  "total_reqs": 1378254,
  "paradigm": "value",
  "cpu_avg_pct": 58.25,
  "cpu_max_pct": 81.78,
  "ram_avg_mb": 3.18,
  "ram_max_mb": 4.73
}